latitude,longitude,altitude,geometry,OBJECTID,AM_LOUD_UNIT_ID,AM_MCPI,AM_LOUD_ID,AM_BASE_ADDRESS,BP_ISSUE_DT,BP_FINAL_DT,DEMOG_LANDUSE_FINAL,DEMOG_LANDUSE_SOURCE,YEAR_BUILT,BUILT_STATUS,SQUARE_FEET
39.0138183314388,-77.4515599452955,,Point,1,46618U0000,061307791000,46618,21800 BEAUMEADE CIR ,1685059200000,-2177452800000,COM_DATA_CENTER,GIS VERIFICATION,1000,UNDER CONSTRUCTION,210170
38.997878972783,-77.4439493605568,,Point,2,56743U0001,044174648000,56743,22340 DRESDEN ST ,961459200000,,COM_DATA_CENTER,GIS VERIFICATION,2001,BUILT,136908
39.0486967339537,-77.4453772763091,,Point,6,64392U0000,040464286000,64392,45005 RUSSELL BRANCH PKWY ,1186099200000,1225152000000,COM_DATA_CENTER,GIS VERIFICATION,2008,BUILT,365855
39.021625650155,-77.4328692315219,,Point,7,101130U0000,042200988000,101130,45360 SEVERN WAY W ,1412640000000,,COM_DATA_CENTER,GIS VERIFICATION,2012,BUILT,126869
39.0215706729107,-77.4347954887841,,Point,10,101132U0001,042295813000,101132,1304 SQUIRE CT ,1412640000000,,COM_DATA_CENTER,GIS VERIFICATION,2018,BUILT,36000
39.0147664245833,-77.4513821135455,,Point,14,109171U0000,061307725000,109171,21301 BEAUMEADE CIR ,1050624000000,,COM_DATA_CENTER,GIS VERIFICATION,2006,BUILT,69800
39.0047152969639,-77.4417969616015,,Point,15,117689U0000,044261032000,117689,22080 PACIFIC BLVD ,873676800000,873331200000,COM_DATA_CENTER,GIS VERIFICATION,1998,BUILT,180039
38.9938094477217,-77.4504750602463,,Point,16,129018U0000,045352692000,129018,22520 RANDOLPH DR ,1474329600000,1526601600000,COM_DATA_CENTER,GIS VERIFICATION,2016,BUILT,1920
38.9942115833193,-77.4482833032983,,Point,17,220922U0000,045458114000,220922,44874 MORAN RD ,1332720000000,1365984000000,COM_DATA_CENTER,GIS VERIFICATION,2013,BUILT,64669
38.9171151435817,-77.4956702358492,,Point,18,244614U0000,097354183000,244614,25311 PREDICTION LN ,1599523200000,1629676800000,COM_DATA_CENTER,AUTOMATED,2021,BUILT,149270
38.9479080207865,-77.5229567282805,,Point,19,246832U0000,162392026000,246832,24185 UPPER WOODSIDE LN ,1601251200000,1622678400000,COM_DATA_CENTER,GIS VERIFICATION,2021,BUILT,154862
39.0233232990291,-77.4131640699511,,Point,20,101220U0000,030297084000,101220,45901 NOKES BLVD ,882403200000,900547200000,COM_DATA_CENTER,GIS VERIFICATION,1998,BUILT,88490
39.0239333987991,-77.4151590111926,,Point,21,109162U0000,030391106000,109162,45845 NOKES BLVD ,959817600000,989884800000,COM_DATA_CENTER,GIS VERIFICATION,1999,BUILT,76811
38.984966297989,-77.4256612075144,,Point,22,135181U0000,034462865000,135181,22811 INTERNATIONAL DR ,,,COM_DATA_CENTER,GIS VERIFICATION,1985,BUILT,128521
38.9836447483896,-77.4240881524009,,Point,23,135194U0000,034468458000,135194,22860 INTERNATIONAL DR ,933638400000,954115200000,COM_DATA_CENTER,GIS VERIFICATION,2000,BUILT,72768
38.9825491449819,-77.4246232991553,,Point,24,135237U0000,034365461000,135237,22916 INTERNATIONAL DR ,1538611200000,1558656000000,COM_DATA_CENTER,GIS VERIFICATION,2019,BUILT,203200
39.0210973202156,-77.4132400264745,,Point,25,258010U0000,030296913000,258010,45905 MARIES RD ,1503619200000,1525910400000,COM_DATA_CENTER,GIS VERIFICATION,2018,BUILT,154125
38.9816290291995,-77.4273774460034,,Point,26,259922U0000,034357851000,259922,22945 INTERNATIONAL DR ,1529625600000,1542067200000,COM_DATA_CENTER,GIS VERIFICATION,2018,BUILT,147890
38.9799016938247,-77.4254917618234,,Point,27,259924U0000,034263373000,259924,23005 INTERNATIONAL DR ,1576454400000,1593129600000,COM_DATA_CENTER,GIS VERIFICATION,2020,BUILT,169960
39.0434564134331,-77.5408930183375,,Point,28,260980U0000,194103673000,260980,42254 THUNDERBALL DR ,1621382400000,1672358400000,COM_DATA_CENTER,GIS VERIFICATION,2022,BUILT,71950
39.0118550267976,-77.4544793588951,,Point,29,262578U0000,061200160000,262578,22175 BEAUMEADE CIR ,1600905600000,1604275200000,COM_DATA_CENTER,AUTOMATED,2020,BUILT,150616
39.0105619573812,-77.4751830349966,,Point,30,264757U0000,088101859000,264757,21821 UUNET DR ,1595808000000,1654473600000,COM_DATA_CENTER,AUTOMATED,2021,BUILT,4800
39.0017740115072,-77.4380673347791,,Point,31,265687U0001,044288975000,265687,45194 VANTAGE DATA PLZ ,1593475200000,1623196800000,COM_DATA_CENTER,AUTOMATED - NEW PERMIT,2021,BUILT,228606
38.9498510890922,-77.5603196575196,,Point,32,265723U0000,246200886000,265723,24244 QUAIL RIDGE LN ,1569456000000,1590451200000,COM_DATA_CENTER,GIS VERIFICATION,2020,BUILT,204013
38.9480427445926,-77.5604146178529,,Point,33,265725U0000,246200886000,265725,24224 QUAIL RIDGE LN ,1575244800000,1600214400000,COM_DATA_CENTER,GIS VERIFICATION,2020,BUILT,204013
39.005776121489,-77.4493354481184,,Point,34,265751U0000,044370416000,265751,22125 BRODERICK DR ,1585094400000,1620691200000,COM_DATA_CENTER,AUTOMATED - NEW PERMIT,2021,BUILT,420515
38.9967027021956,-77.4355959649928,,Point,35,265881U0000,044193385000,265881,22370 KIPPER DR ,1564704000000,1585872000000,COM_DATA_CENTER,GIS ERIFICATION,2020,BUILT,214360
39.018496003619,-77.4388808505224,,Point,36,265885U0000,043482656000,265885,21641 CHARLES VIEW DR ,1564617600000,1589328000000,COM_DATA_CENTER,GIS VERIFICATION,2020,BUILT,210512
38.9814210026363,-77.4174094562242,,Point,37,265895U0000,034385918000,265895,22900 PLATFORM PLZ ,1563321600000,1591228800000,COM_DATA_CENTER,AUTOMATED - NEW PERMIT,2020,BUILT,211880
38.9823878425121,-77.4167923773907,,Point,38,265897U0000,034385918000,265897,22890 PLATFORM PLZ ,1566518400000,1599782400000,COM_DATA_CENTER,GIS VERIFICATION,2020,BUILT,211880
39.0169645517249,-77.4393207088147,,Point,39,266939U0000,043482656000,266939,21645 CHARLES VIEW DR ,1573516800000,1599782400000,COM_DATA_CENTER,GIS VERIFICATION,2020,BUILT,250620
38.9950063339044,-77.4353454709916,,Point,40,266971U0000,045494813000,266971,22420 KIPPER DR ,1580169600000,1597968000000,COM_DATA_CENTER,GIS VERIFICATION,2020,BUILT,203460
39.0755018211185,-77.5630140441463,,Point,41,267635U0000,235297431000,267635,19525 COMPASS CREEK PKWY ,1598227200000,1646092800000,COM_DATA_CENTER,GIS VERIFICATON,2022,BUILT,94554
39.0152732533634,-77.4377865165151,,Point,42,268403U0000,043482656000,268403,21660 CHARLES VIEW DR ,1587945600000,1600819200000,COM_DATA_CENTER,GIS VERIFICATION,2020,BUILT,14038
38.9958527158234,-77.4712741774999,,Point,43,268411U0000,062159785000,268411,44305 IMPORT PLZ ,1597017600000,1626739200000,COM_DATA_CENTER,GIS VERIFICATON,2021,BUILT,258716
38.9980208279649,-77.4755485632214,,Point,44,269377U0000,089100937000,269377,22291 SHELLHORN RD ,1595376000000,1621209600000,COM_DATA_CENTER,GIS VERIFICATON,2021,BUILT,310717
39.0249909761806,-77.457562114858,,Point,45,3164U0000,060386530000,3164,44610 GUILFORD DR ,1589760000000,,COM_DATA_CENTER,AUTOMATED - NEW PERMIT,2020,BUILT,123200
39.0154851274402,-77.4817236808233,,Point,46,28857U0001,088381462000,28857,21635 RED RUM DR ,1189468800000,1212624000000,COM_DATA_CENTER,AUTOMATED - NEW PERMIT,2008,BUILT,97262
39.0155466625927,-77.4603425154818,,Point,48,46624U0001,061483407000,46624,21711 FILIGREE CT ,881193600000,,COM_DATA_CENTER,AUTOMATED - NEW PERMIT,1998,BUILT,58426
39.0151953299474,-77.4594629834168,,Point,51,46625U0001,061483407000,46625,21721 FILIGREE CT ,1256515200000,,COM_DATA_CENTER,AUTOMATED - NEW PERMIT,2010,BUILT,148939
39.0228836221216,-77.4549139797208,,Point,56,56822U0001,060298548000,56822,44664 GUILFORD DR ,,,COM_DATA_CENTER,GIS VERIFICATION,1990,BUILT,109320
39.0199630121428,-77.4599439625994,,Point,77,56852U0001,060182916000,56852,44520 HASTINGS DR ,967593600000,1149120000000,COM_DATA_CENTER,AUTOMATED - NEW PERMIT,2006,BUILT,110950
39.0222561185231,-77.4612226143728,,Point,78,67525U0001,060182916000,67525,44470 CHILUM PL ,988675200000,999043200000,COM_DATA_CENTER,AUTOMATED - NEW PERMIT,2001,BUILT,92265
39.0221824535124,-77.453577900408,,Point,79,101080U0000,060202337000,101080,21571 BEAUMEADE CIR ,943401600000,979603200000,COM_DATA_CENTER,AUTOMATED - NEW PERMIT,2001,BUILT,91580
39.0125624499422,-77.4751937161234,,Point,80,108640U0000,088200644000,108640,21830 UUNET DR ,948240000000,963532800000,COM_DATA_CENTER,AUTOMATED - NEW PERMIT,2000,BUILT,108336
39.0164859850588,-77.459073529618,,Point,81,109158U0000,061483407000,109158,21715 FILIGREE CT ,945820800000,972950400000,COM_DATA_CENTER,AUTOMATED - NEW PERMIT,2000,BUILT,147600
39.0164770738795,-77.4619592338317,,Point,82,109159U0000,061483407000,109159,21691 FILIGREE CT ,947548800000,,COM_DATA_CENTER,AUTOMATED - NEW PERMIT,2000,BUILT,96656
39.0159095900149,-77.4611716656532,,Point,83,109160U0001,061483407000,109160,21701 FILIGREE CT ,881193600000,,COM_DATA_CENTER,AUTOMATED - NEW PERMIT,1998,BUILT,96657
39.0148761448335,-77.4585525052148,,Point,85,109170U0001,061483407000,109170,21731 FILIGREE CT ,,,COM_DATA_CENTER,GIS VERIFICATION,2010,BUILT,230987
39.0020548413715,-77.4834191880215,,Point,89,117649U0001,089278681000,117649,43881 DEVIN SHAFRON DR ,,,COM_DATA_CENTER,GIS VERIFICATION,2001,BUILT,180000
39.0034002395852,-77.4871363959178,,Point,100,117650U0001,089367531000,117650,43791 DEVIN SHAFRON DR ,976060800000,995760000000,COM_DATA_CENTER,GIS VERIFICATION,2001,BUILT,117000
39.0027790700905,-77.4854468728797,,Point,110,117651U0000,089372808000,117651,43831 DEVIN SHAFRON DR ,976060800000,990576000000,COM_DATA_CENTER,GIS VERIFICATION,2001,BUILT,135000
38.9916659239289,-77.4484858648445,,Point,111,129030U0001,045358110000,129030,22631 DULLES SUMMIT CT ,1314057600000,,COM_DATA_CENTER,AUTOMATED - NEW PERMIT,2012,BUILT,103045
38.9886997416741,-77.4476664469702,,Point,116,129043U0001,045159083000,129043,22630 DULLES SUMMIT CT ,1412640000000,,COM_DATA_CENTER,AUTOMATED - NEW PERMIT,2015,BUILT,66810
39.0179943848329,-77.462593643871,,Point,130,187060U0000,060178810000,187060,44480 HASTINGS DR ,1156896000000,1187827200000,COM_DATA_CENTER,AUTOMATED - NEW PERMIT,2007,BUILT,286865
38.9906709560101,-77.4488242521624,,Point,131,197739U0001,045254455000,197739,22651 DULLES SUMMIT CT ,1314057600000,,COM_DATA_CENTER,AUTOMATED - NEW PERMIT,2012,BUILT,75802
39.0211342604354,-77.4635203972643,,Point,136,199111U0000,060170268000,199111,44461 CHILUM PL ,1282262400000,1311552000000,COM_DATA_CENTER,AUTOMATED - NEW PERMIT,2011,BUILT,251525
39.0201317416386,-77.463019437535,,Point,137,199113U0000,060170268000,199113,44521 HASTINGS DR ,1205366400000,1248912000000,COM_DATA_CENTER,AUTOMATED - NEW PERMIT,2009,BUILT,359966
39.0212729783887,-77.4516338222571,,Point,138,200395U0000,060108050000,200395,21551 BEAUMEADE CIR ,1309305600000,1324252800000,COM_DATA_CENTER,AUTOMATED - NEW PERMIT,2011,BUILT,152504
39.0050167381762,-77.4854945228332,,Point,140,201691U0001,089374763000,201691,43790 DEVIN SHAFRON DR ,,1328832000000,COM_DATA_CENTER,GIS VERIFICATION,2011,BUILT,139598
39.0026124293729,-77.4819606788578,,Point,152,201695U0001,089382215000,201695,43915 DEVIN SHAFRON DR ,1247184000000,,COM_DATA_CENTER,AUTOMATED - NEW PERMIT,2010,BUILT,133560
39.0217423634867,-77.4527347222874,,Point,161,218454U0000,060202337000,218454,21561 BEAUMEADE CIR ,943401600000,970790400000,COM_DATA_CENTER,AUTOMATED - NEW PERMIT,2000,BUILT,72825
39.0175091258376,-77.4656414643647,,Point,162,218622U0000,061467942000,218622,21625 GRESHAM DR ,1370563200000,1405900800000,COM_DATA_CENTER,AUTOMATED - NEW PERMIT,2014,BUILT,446513
39.0015027390378,-77.4793082200707,,Point,163,223058U0000,089291706000,223058,43780 DIGITAL LOUDOUN PLZ ,1458086400000,1482364800000,COM_DATA_CENTER,AUTOMATED - NEW PERMIT,2016,BUILT,224880
39.0004835668682,-77.4805201482482,,Point,164,223060U0000,089291706000,223060,43940 DIGITAL LOUDOUN PLZ ,1363824000000,1393545600000,COM_DATA_CENTER,AUTOMATED - NEW PERMIT,2014,BUILT,197822
39.0001095422589,-77.478069581405,,Point,165,223062U0000,089291706000,223062,44060 DIGITAL LOUDOUN PLZ ,1382400000000,1409011200000,COM_DATA_CENTER,AUTOMATED - NEW PERMIT,2014,BUILT,280630
39.0011334718825,-77.4774073888439,,Point,166,223064U0000,089291706000,223064,44100 DIGITAL LOUDOUN PLZ ,1429056000000,1450656000000,COM_DATA_CENTER,AUTOMATED - NEW PERMIT,2015,BUILT,226015
39.02791266206,-77.4575035660358,,Point,168,230874U0000,060485060000,230874,21263 SMITH SWITCH RD ,1413504000000,1434499200000,COM_DATA_CENTER,AUTOMATED - NEW PERMIT,2015,BUILT,120675
39.0287053053816,-77.458322126424,,Point,169,230876U0000,060485060000,230876,21267 SMITH SWITCH RD ,1389139200000,1414713600000,COM_DATA_CENTER,AUTOMATED,2014,BUILT,321291
39.0295511281635,-77.4595230597478,,Point,170,230878U0000,060485060000,230878,21271 SMITH SWITCH RD ,1368662400000,1391385600000,COM_DATA_CENTER,AUTOMATED - NEW PERMIT,2014,BUILT,200616
38.9869800559622,-77.4426910056889,,Point,171,232577U0000,045175529000,232577,22755 RELOCATION DR ,1391644800000,1479340800000,COM_DATA_CENTER,AUTOMATED - NEW PERMIT,2016,BUILT,115627
38.9862347714757,-77.4418760712615,,Point,172,232576U0000,045175529000,232576,22745 RELOCATION DR ,1391644800000,1430870400000,COM_DATA_CENTER,AUTOMATED - NEW PERMIT,2015,BUILT,135464
38.9908896779204,-77.441723737353,,Point,173,246808U0000,045282657000,246808,45111 LOUDOUN DOWNS LN ,1446422400000,1589155200000,COM_DATA_CENTER,AUTOMATED - NEW PERMIT,2020,BUILT,143730
38.9917496420823,-77.441010376436,,Point,174,246810U0000,045282657000,246810,45110 LOUDOUN DOWNS LN ,1444262400000,1469145600000,COM_DATA_CENTER,AUTOMATED - NEW PERMIT,2016,BUILT,143730
39.0263633291756,-77.449529846631,,Point,175,247002U0000,060307119000,247002,44862 INTERCONNECTION PL ,1444867200000,1465862400000,COM_DATA_CENTER,GIS VERIFICATION,2016,BUILT,149076
39.0263556356946,-77.4508637058816,,Point,176,247004U0000,060307119000,247004,44858 INTERCONNECTION PL ,1449187200000,1471305600000,COM_DATA_CENTER,AUTOMATED - NEW PERMIT,2016,BUILT,149076
39.0230102603636,-77.4497782179621,,Point,177,249078U0000,060209652000,249078,44790 PERFORMANCE CIR ,1503619200000,1503619200000,COM_DATA_CENTER,AUTOMATED - NEW PERMIT,2017,BUILT,157338
39.0225036799199,-77.4502257880747,,Point,178,249080U0000,060209652000,249080,44780 PERFORMANCE CIR ,1541376000000,1591747200000,COM_DATA_CENTER,AUTOMATED - NEW PERMIT,2020,BUILT,143906
39.0271068987605,-77.4528612394215,,Point,179,249282U0000,060307119000,249282,44854 INTERCONNECTION PL ,1460073600000,1475107200000,COM_DATA_CENTER,AUTOMATED - NEW PERMIT,2016,BUILT,149076
39.0062492899687,-77.4681085521412,,Point,180,249692U0000,062462761000,249692,44372 ROUND TABLE PLZ ,1522281600000,1543536000000,COM_DATA_CENTER,AUTOMATED - NEW PERMIT,2018,BUILT,223569
39.0078117776034,-77.4676462412904,,Point,181,249696U0000,062462761000,249696,44274 ROUND TABLE PLZ ,1479340800000,1543190400000,COM_DATA_CENTER,AUTOMATED - NEW PERMIT,2017,BUILT,605398
39.0092651367203,-77.4572204291519,,Point,182,249702U0000,062493798000,249702,44751 ROUND TABLE PLZ ,1545955200000,1570147200000,COM_DATA_CENTER,AUTOMATED - NEW PERMIT,2019,BUILT,312207
38.9169214080506,-77.4943807022735,,Point,183,244612U0000,097354183000,244612,25316 PREDICTION LN ,1512691200000,1554422400000,COM_DATA_CENTER,GIS VERIFICATION,2019,BUILT,148580
38.9157783311175,-77.4920278691904,,Point,184,244620U0000,097354183000,244620,43736 CLUBBER LN ,1433462400000,1455062400000,COM_DATA_CENTER,AUTOMATED - NEW PERMIT,2016,BUILT,147512
38.9168187877505,-77.4932736328405,,Point,185,244622U0000,097354183000,244622,43701 CLUBBER LN ,1459814400000,1498694400000,COM_DATA_CENTER,AUTOMATED - NEW PERMIT,2017,BUILT,148580
38.9492569491258,-77.5198074174736,,Point,186,246828U0000,162392026000,246828,42949 FADELEY LN ,1449532800000,1490140800000,COM_DATA_CENTER,GIS VERIFICATION,2017,BUILT,148652
38.948857029655,-77.5210084452112,,Point,187,246830U0000,162392026000,246830,42948 FADELEY LN ,1498608000000,1520467200000,COM_DATA_CENTER,AUTOMATED - NEW PERMIT,2018,BUILT,13801
38.948573047662,-77.5218585193367,,Point,188,246834U0000,162392026000,246834,24178 UPPER WOODSIDE LN ,1522281600000,1562630400000,COM_DATA_CENTER,AUTOMATED - NEW PERMIT,2019,BUILT,181869
39.0247755137935,-77.412168781696,,Point,189,3258U0000,030399036000,3258,21110 RIDGETOP CIR ,981936000000,1005696000000,COM_DATA_CENTER,AUTOMATED - NEW PERMIT,2001,BUILT,136482
38.9885161544455,-77.4117268620084,,Point,190,129976U0000,033201325000,129976,45900 PATHFINDER PLZ ,1484265600000,1510617600000,COM_DATA_CENTER,AUTOMATED - NEW PERMIT,2017,BUILT,147260
39.0262187968604,-77.4144658049399,,Point,191,238483U0000,030393965000,238483,21111 RIDGETOP CIR ,1400112000000,1484697600000,COM_DATA_CENTER,AUTOMATED - NEW PERMIT,2015,BUILT,114332
39.0153557542131,-77.4671210044995,,Point,192,248610U0000,061361948000,248610,21745 SIR TIMOTHY DR ,1466467200000,1492732800000,COM_DATA_CENTER,AUTOMATED - NEW PERMIT,2017,BUILT,362108
39.0202607871564,-77.4339490713258,,Point,193,256272U0000,042197707000,256272,45295 SEVERN WAY W ,1496361600000,1510876800000,COM_DATA_CENTER,AUTOMATED - NEW PERMIT,2017,BUILT,149076
39.0192089465634,-77.43401076931,,Point,194,256270U0000,042197707000,256270,45305 SEVERN WAY W ,1496361600000,1513296000000,COM_DATA_CENTER,AUTOMATED - NEW PERMIT,2017,BUILT,147304
39.0243751866707,-77.4334674514557,,Point,195,253090U0000,042394385000,253090,21350 PACIFIC BLVD ,1524787200000,1550707200000,COM_DATA_CENTER,AUTOMATED - NEW PERMIT,2019,BUILT,172142
38.9994969739859,-77.4501479849678,,Point,196,257544U0000,044152877000,257544,22271 BRODERICK DR ,1503964800000,1567555200000,COM_DATA_CENTER,AUTOMATED - NEW PERMIT,2019,BUILT,427337
38.9905724555803,-77.4370593417251,,Point,197,3378U0001,045391908000,3378,45210 PROLOGIS PLZ ,1207699200000,,COM_DATA_CENTER,AUTOMATED - NEW PERMIT,2014,BUILT,78815
38.991406450002,-77.4365347108582,,Point,201,2655U0001,045391908000,2655,45220 PROLOGIS PLZ ,1207699200000,,COM_DATA_CENTER,AUTOMATED - NEW PERMIT,2014,BUILT,64522
39.0128246466172,-77.4654058730641,,Point,205,255116U0000,061268762000,255116,21744 SIR TIMOTHY DR ,1498003200000,1524096000000,COM_DATA_CENTER,AUTOMATED - NEW PERMIT,2018,BUILT,318143
39.015354909717,-77.4782839204623,,Point,206,219228U0001,088389930000,219228,21741 RED RUM DR ,1340755200000,,COM_DATA_CENTER,AUTOMATED - NEW PERMIT,2017,BUILT,724231
39.0146142696296,-77.4798856504752,,Point,210,219230U0001,088389930000,219230,21745 RED RUM DR ,1525651200000,1565222400000,COM_DATA_CENTER,AUTOMATED - NEW PERMIT,2019,BUILT,258713
39.0171419800651,-77.4702987383316,,Point,214,254238U0000,061450432000,254238,44245 GIGABIT PLZ ,1485475200000,1516665600000,COM_DATA_CENTER,AUTOMATED - NEW PERMIT,2018,BUILT,248385
39.0199282542215,-77.4725661812579,,Point,215,254236U0000,061450432000,254236,44760 GIGABIT PLZ ,1537488000000,1567641600000,COM_DATA_CENTER,AUTOMATED - NEW PERMIT,2019,BUILT,283528
39.0183167559493,-77.4726711260344,,Point,216,254234U0000,061450432000,254234,44761 GIGABIT PLZ ,1550102400000,1607990400000,COM_DATA_CENTER,AUTOMATED - NEW PERMIT,2020,BUILT,225211
39.0362371521512,-77.4497436589467,,Point,217,260480U0000,041352218000,260480,20935 LOUDOUN COUNTY PKWY ,1553644800000,1535587200000,COM_DATA_CENTER,AUTOMATED - NEW PERMIT,2019,BUILT,147615
39.0355290931243,-77.4507100974253,,Point,218,260484U0000,059309091000,260484,20945 LOUDOUN COUNTY PKWY ,1515628800000,1535587200000,COM_DATA_CENTER,AUTOMATED - NEW PERMIT,2018,BUILT,147615
39.044090954482,-77.5397137417498,,Point,219,260970U0000,194103673000,260970,42310 THUNDERBALL DR ,1541376000000,1665532800000,COM_DATA_CENTER,GIS VERIFICATION,2022,BUILT,37809
38.9430162791451,-77.5242424160776,,Point,220,261064U0000,162176713000,261064,24325 GRAND FORK DR,1558396800000,1566259200000,COM_DATA_CENTER,AUTOMATED,2019,BUILT,11431
39.0005751015666,-77.4397636148643,,Point,221,261248U0000,044282013000,261248,22262 CLOUD PLZ ,1557705600000,1557705600000,COM_DATA_CENTER,AUTOMATED - NEW PERMIT,2019,BUILT,97577
39.0526124430222,-77.5395764979463,,Point,222,262190U0000,194498227000,262190,20491 GOOSE LANDING LN ,1581379200000,1569369600000,COM_DATA_CENTER,AUTOMATED - NEW PERMIT,2021,BUILT,281792
39.0118753196585,-77.4626534368994,,Point,223,262194U0000,061275931000,262194,44621 WAXPOOL RD ,1546992000000,1584662400000,COM_DATA_CENTER,AUTOMATED - NEW PERMIT,2020,BUILT,499438
39.0236400740178,-77.4190827430363,,Point,224,262298U0000,030382006000,262298,45761 MARIES RD ,1539129600000,1568937600000,COM_DATA_CENTER,AUTOMATED - NEW PERMIT,2019,BUILT,213750
39.0023980909098,-77.4376947800655,,Point,225,261104U0001,044288975000,261104,45200 VANTAGE DATA PLZ ,1527033600000,1551312000000,COM_DATA_CENTER,AUTOMATED - NEW PERMIT,2019,BUILT,256256
39.0135966931251,-77.4707478006866,,Point,226,264755U0000,061355894000,264755,21890 UUNET DR ,1543536000000,1572912000000,COM_DATA_CENTER,AUTOMATED - NEW PERMIT,2019,BUILT,368325
39.0505901339458,-77.5400291690268,,Point,227,265667U0000,194498227000,265667,20481 GOOSE LANDING LN ,1560297600000,1626220800000,COM_DATA_CENTER,AUTOMATED - NEW PERMIT,2021,BUILT,3496
38.9579063006753,-77.5054983807309,,Point,228,265767U0000,124369522000,265767,43290 OLD OX RD ,1605744000000,1586995200000,COM_DATA_CENTER,AUTOMATED,2021,BUILT,305156
39.0156881876471,-77.4825777540113,,Point,229,28854U0005,088381462000,28854,21631 RED RUM DR ,1189468800000,1212624000000,COM_DATA_CENTER,AUTOMATED - NEW PERMIT,2008,BUILT,68339
39.0215051097475,-77.459439864143,,Point,243,67516U0001,060182916000,67516,44490 CHILUM PL ,967593600000,1122336000000,COM_DATA_CENTER,AUTOMATED - NEW PERMIT,2005,BUILT,84765
39.0042726487549,-77.4842188001095,,Point,244,201693U0001,089374763000,201693,43830 DEVIN SHAFRON DR ,1279843200000,1299801600000,COM_DATA_CENTER,AUTOMATED - NEW PERMIT,2011,BUILT,100728
38.9878736573184,-77.4110691637102,,Point,260,254058U0000,033201325000,254058,45930 PATHFINDER PLZ ,1489104000000,1511222400000,COM_DATA_CENTER,AUTOMATED - NEW PERMIT,2017,BUILT,142640
38.9869043291047,-77.4104733944101,,Point,261,254056U0000,033201325000,254056,45950 PATHFINDER PLZ ,1489104000000,1513209600000,COM_DATA_CENTER,AUTOMATED - NEW PERMIT,2017,BUILT,147260
38.9161111675388,-77.4772435905837,,Point,262,261218U0000,097398776000,261218,25430 SUTTON BAY PLZ ,1526515200000,1546387200000,COM_DATA_CENTER,AUTOMATED - NEW PERMIT,2019,BUILT,212246
38.9162147266466,-77.4786162693428,,Point,263,261220U0000,097398776000,261220,25420 SUTTON BAY PLZ ,1531267200000,1554076800000,COM_DATA_CENTER,AUTOMATED - NEW PERMIT,2019,BUILT,147890
38.9166286375136,-77.479659499471,,Point,264,261222U0000,097398776000,261222,25390 SUTTON BAY PLZ ,1535068800000,1554076800000,COM_DATA_CENTER,AUTOMATED - NEW PERMIT,2019,BUILT,147890
38.9558293638478,-77.4971718015718,,Point,265,261230U0000,124299328000,261230,23845 ERINS RUN DR ,1533254400000,1591315200000,COM_DATA_CENTER,AUTOMATED - NEW PERMIT,2020,BUILT,147170
38.9567698673225,-77.4977795693419,,Point,266,261232U0000,124299328000,261232,23835 ERINS RUN DR ,1531440000000,1548374400000,COM_DATA_CENTER,AUTOMATED - NEW PERMIT,2019,BUILT,147170
38.9578875415821,-77.4980234275581,,Point,267,261234U0000,124299328000,261234,23825 ERINS RUN DR ,1525219200000,1542067200000,COM_DATA_CENTER,AUTOMATED - NEW PERMIT,2018,BUILT,180230
39.0243252913398,-77.4204349992794,,Point,268,262302U0000,030382006000,262302,45771 MARIES RD ,1529020800000,1556755200000,COM_DATA_CENTER,AUTOMATED - NEW PERMIT,2019,BUILT,212960
39.010429460651,-77.4636905850265,,Point,269,260982U0001,061177666000,260982,21955 LOUDOUN COUNTY PKWY ,,1632096000000,COM_DATA_CENTER,GIS VERIFICATION,2019,BUILT,462210
39.0160432802603,-77.4384121847665,,Point,270,266937U0000,043482656000,266937,21710 CHARLES VIEW DR ,1579824000000,1606262400000,COM_DATA_CENTER,AUTOMATED - NEW PERMIT,2020,BUILT,210512
39.0263400074538,-77.4340310473472,,Point,271,267015U0000,042394385000,267015,21340 PACIFIC BLVD ,1574035200000,1607558400000,COM_DATA_CENTER,AUTOMATED - NEW PERMIT,2020,BUILT,172142
39.0747750419498,-77.5641150409349,,Point,272,267637U0000,235297431000,267637,19515 COMPASS CREEK PKWY ,1598227200000,1638748800000,COM_DATA_CENTER,AUTOMATED,2021,BUILT,90574
38.9966397308838,-77.4732321306942,,Point,273,268413U0000,062159785000,268413,44254 IMPORT PLZ ,1592265600000,1617321600000,COM_DATA_CENTER,AUTOMATED - NEW PERMIT,2021,BUILT,258716
39.0289182589123,-77.427526391009,,Point,284,270161U0000,030455548000,270161,21215 ATLANTIC BLVD ,1614038400000,1646697600000,COM_DATA_CENTER,GIS VERIFICATON,2022,BUILT,258716
39.0304493580238,-77.4289046019331,,Point,285,270163U0000,029151508000,270163,21205 ATLANTIC BLVD ,1607644800000,1641340800000,COM_DATA_CENTER,GIS VERIFICATON,2022,BUILT,258716
39.0322850402305,-77.4297103548304,,Point,286,270165U0000,041108666000,270165,21195 ATLANTIC BLVD ,1605139200000,1637107200000,COM_DATA_CENTER,GIS VERIFICATON,2021,BUILT,258716
38.9149824476269,-77.4909524193431,,Point,287,270821U0000,097354183000,270821,43764 CLUBBER LN ,1624233600000,1654041600000,COM_DATA_CENTER,GIS VERIFICATON,2023,BUILT,14163
38.915895099813,-77.4905423844416,,Point,288,270823U0000,097354183000,270823,43774 CLUBBER LN ,1620777600000,1649894400000,COM_DATA_CENTER,GIS VERIFICATON,2022,BUILT,169980
39.0158507779451,-77.4531450384433,,Point,289,270933U0000,061303369000,270933,21310 BEAUMEADE CIR ,1618790400000,1654473600000,COM_DATA_CENTER,GIS VERIFICATON,2022,BUILT,190250
39.0167673688604,-77.4520614550362,,Point,290,270937U0000,061407107000,270937,21320 BEAUMEADE CIR ,1618790400000,1656288000000,COM_DATA_CENTER,GIS VERIFICATON,2022,BUILT,190250
38.9417671255251,-77.5274787492244,,Point,291,271013U0000,162176713000,271013,24550 HOWLING ROOSTER LN ,1616112000000,1663545600000,COM_DATA_CENTER,GIS VERIFICATON,2022,BUILT,290104
38.9795239900629,-77.4174911197878,,Point,292,272674U0000,034385918000,272674,45775 OPTICS PLZ ,1623024000000,1658275200000,COM_DATA_CENTER,GIS VERIFICATON,2022,BUILT,262278
39.0169626994342,-77.4734596888863,,Point,293,254230U0000,061450432000,254230,44495 GIGABIT PLZ ,1646179200000,1712275200000,COM_DATA_CENTER,GIS VERIFICATION,2024,BUILT,179466
39.0423486734558,-77.5381049626532,,Point,294,260968U0000,194103673000,260968,42311 THUNDERBALL DR ,1652400000000,1678752000000,COM_DATA_CENTER,GIS VERIFICATION,2023,BUILT,38902
39.0415983566056,-77.5391854030614,,Point,295,260974U0000,194103673000,260974,42255 THUNDERBALL DR ,1648425600000,1676937600000,COM_DATA_CENTER,GIS VERIFICATION,2023,BUILT,59244
38.9951304622943,-77.4709190144955,,Point,296,268407U0000,062159785000,268407,44351 IMPORT PLZ ,1649894400000,1667779200000,COM_DATA_CENTER,GIS VERIFICATION,2022,BUILT,14160
38.9988391343421,-77.4741951044946,,Point,297,269379U0000,089104437000,269379,22271 SHELLHORN RD ,1630022400000,1666742400000,COM_DATA_CENTER,GIS VERIFICATION,2022,BUILT,256348
39.0066209058262,-77.4661927157811,,Point,298,269427U0000,062462761000,269427,44540 ROUND TABLE PLZ ,1642550400000,1678233600000,COM_DATA_CENTER,GIS VERIFICATION,2023,BUILT,236134
39.0242022960997,-77.4522818479464,,Point,299,270249U0000,060209652000,270249,44740 PERFORMANCE CIR ,1680652800000,1702944000000,COM_DATA_CENTER,GIS VERIFICATION,2023,BUILT,346299
39.0032809123551,-77.4402112461719,,Point,300,272336U0000,044381108000,272336,45070 VANTAGE DATA PLZ ,1628121600000,1666051200000,COM_DATA_CENTER,GIS VERIFICATION,2022,BUILT,364649
38.9791481877998,-77.4199354657045,,Point,301,272672U0000,034385918000,272672,45795 OPTICS PLZ ,1648684800000,1676419200000,COM_DATA_CENTER,GIS VERIFICATION,2023,BUILT,261462
38.9608531853135,-77.4914843803529,,Point,302,273686U0000,093365404000,273686,43704 EFFICIENCY DR ,1650931200000,1690416000000,COM_DATA_CENTER,GIS VERIFICATION,2023,BUILT,530750
39.0696074155295,-77.5607663333041,,Point,303,273692U0000,235297431000,273692,41730 INCLUSION LN ,1634083200000,1705363200000,COM_DATA_CENTER,GIS VERIFICATION,2024,BUILT,54896
39.0696184534995,-77.5594353047632,,Point,304,273694U0000,235297431000,273694,41720 INCLUSION LN ,1647475200000,1687478400000,COM_DATA_CENTER,GIS VERIFICATION,2023,BUILT,61821
38.9483647741583,-77.5558880325161,,Point,305,274238U0000,203354208000,274238,41840 GROWTH MINDSET LN ,1633996800000,1706659200000,COM_DATA_CENTER,GIS VERIFICATION,2024,BUILT,238935
39.0112170648281,-77.460298570816,,Point,306,274270U0000,061285496000,274270,44631 WAXPOOL RD ,1656460800000,1747785600000,COM_DATA_CENTER,GIS VERIFICATION,2025,BUILT,585593
39.0138835800322,-77.4770257581768,,Point,307,219226U0001,088392214000,219226,21735 RED RUM DR ,1717718400000,-2177452800000,COM_DATA_CENTER,GIS VERIFICATION,1000,UNDER CONSTRUCTION,324000
39.0201898258543,-77.4755588414101,,Point,311,254228U0000,087100681000,254228,44710 GIGABIT PLZ ,1660003200000,1685491200000,COM_DATA_CENTER,GIS VERIFICATION,2023,BUILT,217934
39.0138373984485,-77.4537964671694,,Point,312,262574U0000,061200160000,262574,22165 BEAUMEADE CIR ,1716940800000,,COM_DATA_CENTER,GIS VERIFICATION,1000,UNDER CONSTRUCTION,248600
38.9480256042507,-77.5591521086639,,Point,313,265717U0000,246203645000,265717,24214 QUAIL RIDGE LN ,1684972800000,-2177452800000,COM_DATA_CENTER,GIS VERIFICATION,1000,UNDER CONSTRUCTION,252600
38.9499505084377,-77.5590288663074,,Point,314,265719U0000,246203645000,265719,24234 QUAIL RIDGE LN ,1684972800000,-2177452800000,COM_DATA_CENTER,GIS VERIFICATION,1000,UNDER CONSTRUCTION,252600
39.0017640912704,-77.4527002108559,,Point,315,265782U0000,044370416000,265782,44820 PRENTICE DR ,1693180800000,1732060800000,COM_DATA_CENTER,GIS VERIFICATION,2024,BUILT,368467
39.0763898191255,-77.5611306122719,,Point,316,257610U0000,235297431000,257610,19540 COMPASS CREEK PKWY ,1694649600000,,COM_DATA_CENTER,GIS VERIFICATION,1000,UNDER CONSTRUCTION,282050
39.0855339836303,-77.5564068116075,,Point,317,244934U0000,233108602000,244934,102 BLUE SEAL DR SE,1684713600000,,COM_DATA_CENTER,GIS VERIFICATION,1000,UNDER CONSTRUCTION,140538
39.0180045396807,-77.4593151498469,,Point,318,270217U0000,060189720000,270217,21745 BEAUMEADE CIR ,1663027200000,1687219200000,COM_DATA_CENTER,GIS VERIFICATION,2023,BUILT,455795
38.9625378403682,-77.4900376589989,,Point,319,273684U0000,093365404000,273684,43714 EFFICIENCY DR ,1710892800000,-2177452800000,COM_DATA_CENTER,GIS VERIFICATION,1000,UNDER CONSTRUCTION,767464
39.0195692521511,-77.4504507642686,,Point,320,274590U0000,042152579000,274590,21529 BEAUMEADE CIR ,1661904000000,1700006400000,COM_DATA_CENTER,GIS VERIFICATION,2023,BUILT,247420
39.0029649714947,-77.4394137062899,,Point,321,274674U0001,044381108000,274674,45130 VANTAGE DATA PLZ ,1649635200000,1729036800000,COM_DATA_CENTER,GIS VERIFICATION,2024,BUILT,364649
39.0178729499847,-77.4818195238197,,Point,322,274890U0000,088481748000,274890,21630 RED RUM DR ,1642636800000,1672876800000,COM_DATA_CENTER,GIS VERIFICATION,2023,BUILT,286800
38.9953617789015,-77.4551524743212,,Point,323,276200U0000,063498140000,276200,44675 QUALITY TECH LN ,1646784000000,1674777600000,COM_DATA_CENTER,GIS VERIFICATION,2023,BUILT,308630
38.9952210412622,-77.4568295021017,,Point,324,276202U0000,063494014000,276202,44655 QUALITY TECH LN ,1652918400000,1738022400000,COM_DATA_CENTER,GIS VERIFICATION,2025,BUILT,274450
38.9982475359988,-77.4491275437057,,Point,325,276812U0000,044155625000,276812,22280 RANDOLPH DR ,1736899200000,,COM_DATA_CENTER,GIS VERIFICATION,1000,UNDER CONSTRUCTION,189890
38.9895607959394,-77.4348007154771,,Point,326,277154U0000,045299249000,277154,22574 PACIFIC BLVD ,1654560000000,1678665600000,COM_DATA_CENTER,GIS VERIFICATION,2023,BUILT,258200
39.0022880706276,-77.4720928042945,,Point,327,277206U0000,089208954000,277206,22210 LOUDOUN COUNTY PKWY ,1661385600000,-2177452800000,COM_DATA_CENTER,GIS VERIFICATION,1000,UNDER CONSTRUCTION,616650
38.9498303137818,-77.5495318838574,,Point,328,277530U0000,203371445000,277530,24171 YOUNGWOOD LN ,1697500800000,1729555200000,COM_DATA_CENTER,GIS_VERIFICATION,2024,BUILT,335638
38.9212806254261,-77.4858143523976,,Point,329,278348U0000,096183926000,278348,43920 LONE CEDAR LN ,1660521600000,-2177452800000,COM_DATA_CENTER,GIS VERIFICATION,1000,UNDER CONSTRUCTION,259420
38.9865501914437,-77.4351921773682,,Point,330,278362U0000,045195615000,278362,22760 PACIFIC BLVD ,1679270400000,1729814400000,COM_DATA_CENTER,GIS VERIFICATION,1000,BUILT,226456
38.9884895281899,-77.4408557180173,,Point,331,278522U0000,045279612000,278522,22715 RELOCATION DR ,1665619200000,1715817600000,COM_DATA_CENTER,GIS VERIFICATION,2024,BUILT,304166
39.0442681892244,-77.5380638746456,,Point,332,282384U0001,194103673000,282384,42370 THUNDERBALL DR ,1700006400000,,COM_DATA_CENTER,GIS VERIFICATION,1000,UNDER CONSTRUCTION,300570
38.9811059321973,-77.4942224597959,,Point,333,279292U0000,122207249000,279292,43975 LIGHT SPEED PLZ ,1731628800000,-2177452800000,COM_DATA_CENTER,GIS VERIFICATION,1000,UNDER CONSTRUCTION,258716
38.9923405280533,-77.4338883037423,,Point,334,279120U0000,045399350000,279120,22588 RELOCATION DR ,1678406400000,1714435200000,COM_DATA_CENTER,GIS VERIFICATION,2024,BUILT,180355
38.9975354812615,-77.4303846071208,,Point,335,279272U0000,032155119000,279272,22435 GLENN DR ,1681171200000,1714089600000,COM_DATA_CENTER,GIS VERIFICATION,2024,BUILT,68566
38.9980925372063,-77.4302292405658,,Point,336,282418U0000,032155119000,282418,22365 GLENN DR ,1688947200000,1739836800000,COM_DATA_CENTER,GIS VERIFICATION,2025,BUILT,354502
39.066015439376,-77.5585464398152,,Point,337,281822U0000,235297431000,281822,19540 COMPASS CREEK PKWY,1694649600000,-2177452800000,COM_DATA_CENTER,GIS VERIFICATION,1000,UNDER CONSTRUCTION,282050
39.0777184199725,-77.5049332583571,,Point,338,282604U0000,113272390000,282604,19509 BELMONT RIDGE RD,1700179200000,1720656000000,COM_DATA_CENTER,GIS VERIFICATION,2024,BUILT,385398
39.0584174543034,-77.5497555308153,,Point,339,278598U0000,193367800000,278598,,1675123200000,1733702400000,COM_DATA_CENTER,GIS VERIFICATION,2024,BUILT,198300
38.9496828498818,-77.5543211004107,,Point,340,283738U0000,203354208000,283738,42031 GROWTH MINDSET LN ,1719273600000,-2177452800000,COM_DATA_CENTER,GIS VERIICATION,1000,UNDER CONSTRUCTION,273010
38.9512695595017,-77.5555532138027,,Point,341,283740U0000,203354208000,283740,42010 GROWTH MINDSET LN ,1715817600000,-2177452800000,COM_DATA_CENTER,GIS VERIICATION,1000,UNDER CONSTRUCTION,223172
38.9894500416543,-77.4497375113434,,Point,342,283508U0000,045252512000,283508,22665 DULLES SUMMIT CT ,1712102400000,-2177452800000,COM_DATA_CENTER,GIS VERIICATION,1000,UNDER CONSTRUCTION,243908
38.9991202786664,-77.4607960524281,,Point,343,273540U0000,062275493000,273540,22275 LOCKRIDGE RD ,1688860800000,-2177452800000,COM_DATA_CENTER,GIS VERIICATION,1000,UNDER CONSTRUCTION,371211
39.0004220168165,-77.4607332050814,,Point,344,273538U0000,062275493000,273538,22285 LOCKRIDGE RD ,1689724800000,-2177452800000,COM_DATA_CENTER,GIS VERIFICATION,1000,UNDER CONSTRUCTION,367750
39.0559363637896,-77.5473199477859,,Point,345,283422U0000,193274995000,283422,20335 CELTIC PARK DR ,1704240000000,,COM_DATA_CENTER,GIS VERIFICATION,1000,UNDER CONSTRUCTION,413099
39.0577956838578,-77.5467429855538,,Point,346,283420U0000,193276668000,283420,20575 CELTIC PARK DR ,1704240000000,1724803200000,COM_DATA_CENTER,GIS VERIFICATION,2024,BUILT,414253
39.0659104076743,-77.5554803457319,,Point,347,283731U0000,235297431000,283731,41785 INCLUSION LN ,1724716800000,-2177452800000,COM_DATA_CENTER,GIS VERIFICATION,1000,UNDER CONSTRUCTION,282050
39.0801363398187,-77.5648610530131,,Point,348,284074U0000,234371847000,284074,19275 COMPASS CREEK PKWY SE,1732492800000,-2177452800000,COM_DATA_CENTER,GIS VERIICATION,1000,UNDER CONSTRUCTION,232886
39.0821829991456,-77.5650785286956,,Point,349,284076U0000,234371847000,284076,19265 COMPASS CREEK PKWY SE,1721779200000,1751414400000,COM_DATA_CENTER,GIS VERIICATION,2025,BUILT,388150
39.0006366331668,-77.4366795196376,,Point,350,282856U0001,044292829000,282856,45210 VANTAGE DATA PLZ ,1719792000000,-2177452800000,COM_DATA_CENTER,GIS VERIFICATION,1000,UNDER CONSTRUCTION,182782
39.0081316137069,-77.4431233668287,,Point,351,285644U0000,043171795000,285644,45955 MEMPHIS PLZ ,1742515200000,-2177452800000,COM_DATA_CENTER,GIS VERIFICATION,1000,UNDER CONSTRUCTION,254144
39.0099370085477,-77.4415060315296,,Point,352,285646U0000,043176560000,285646,45870 MEMPHIS PLZ ,1735776000000,-2177452800000,COM_DATA_CENTER,GIS VERIFICATION,1000,UNDER CONSTRUCTION,254174
39.0540425112006,-77.5459803938396,,Point,353,285494U0000,193178229000,285494,42590 PATRIOT PARK DR ,1738281600000,,COM_DATA_CENTER,GIS VERIFICATION,1000,UNDER CONSTRUCTION,353319
39.0552079283711,-77.5447919674914,,Point,354,285498U0000,193281883000,285498,42376 PATRIOT PARK DR ,1738281600000,-2177452800000,COM_DATA_CENTER,GIS VERIFICATION,1000,UNDER CONSTRUCTION,413099
39.006650581661,-77.4775613132506,,Point,355,286360U0000,089496314000,286360,22235 LOUDOUN COUNTY PKWY ,1739404800000,,COM_DATA_CENTER,GIS VERIFICATION,1000,UNDER CONSTRUCTION,478908
39.0218120295479,-77.414675843892,,Point,356,286470U0000,030292034000,286470,45831 MARIES RD ,1740528000000,-2177452800000,COM_DATA_CENTER,GIS VERICATION,1000,UNDER CONSTRUCTION,416115
38.9805911758639,-77.44375823757,,Point,357,135118U0000,046368231000,135118,22995 WILDER CT ,946512000000,1147392000000,COM_DATA_CENTER,GIS VERIFICATION,2006,BUILT,130432
38.9993298037845,-77.4417880660832,,Point,358,285668U0000,044175589000,285668,22321 PACIFIC BLVD ,1731974400000,,COM_DATA_CENTER,GIS VERIFICATION,1000,UNDER CONSTRUCTION,255935
39.0158159118697,-77.471806962452,,Point,359,254232U0000,061450432000,254232,44371 GIGABIT PLZ ,1746662400000,,COM_DATA_CENTER,GIS VERIFICATION,1000,UNDER CONSTRUCTION,149080
39.0249178697281,-77.4534065766889,,Point,361,270247U0000,060209652000,270247,44710 PERFORMANCE CIR ,1746144000000,,COM_DATA_CENTER,GIS VERIFICATION,1000,UNDER CONSTRUCTION,330000
38.9444501493284,-77.5493579302452,,Point,362,272664U0000,203170856000,272664,42090 REEDS FARM LN ,1746489600000,,COM_DATA_CENTER,GIS VERIFICATION,1000,UNDER CONSTRUCTION,429213
38.995987174898,-77.4597191468291,,Point,363,285508U0000,063477734000,285508,44595 LOW LATENCY LN ,1750118400000,,COM_DATA_CENTER,GIS VERIFICATION,1000,UNDER CONSTRUCTION,481779
38.9581441285602,-77.4901073762713,,Point,364,285848U0000,093365404000,285848,43705 EFFICIENCY DR ,1745366400000,,COM_DATA_CENTER,GIS VERIFICATION,1000,UNDER CONSTRUCTION,525524
38.9599560696793,-77.4886506563532,,Point,365,285850U0000,093365404000,285850,43715 EFFICIENCY DR ,1744761600000,-2177452800000,COM_DATA_CENTER,GIS VERIFICATION,1000,UNDER CONSTRUCTION,526833
39.022940920296,-77.4167064985214,,Point,366,286364U0000,030286764000,286364,45757 MARIES RD ,1744156800000,,COM_DATA_CENTER,GIS VERIFICATION,1000,UNDER CONSTRUCTION,218112
38.9430108592315,-77.529080914841,,Point,367,286576U0000,162176713000,286576,24531 HOWLING ROOSTER LN ,1744156800000,,COM_DATA_CENTER,GIS VERIFICATION,1000,UNDER CONSTRUCTION,21667
39.0035701145212,-77.4467490351397,,Point,368,286568U0000,044461959000,286568,22214 POWER PLAYER LN ,1749427200000,,COM_DATA_CENTER,GIS VERIFICATION,1000,UNDER CONSTRUCTION,354019
39.005196603876,-77.4464723777018,,Point,369,286570U0000,044461959000,286570,22190 POWER PLAYER LN ,1749081600000,,COM_DATA_CENTER,GIS VERIFICATION,1000,UNDER CONSTRUCTION,346830
39.0748984701997,-77.5076427340479,,Point,370,286654U0000,113167503000,286654,19560 HYPERSPACE LN ,1751932800000,,COM_DATA_CENTER,GIS VERIFICATION,1000,UNDER CONSTRUCTION,243984
39.0139280711644,-77.4565236779417,,Point,371,109187U0000,061394321000,109187,21780 FILIGREE CT ,1752019200000,,COM_DATA_CENTER,AUTOMATED,1000,UNDER CONSTRUCTION,336544
38.9588163955139,-77.5026634479144,,Point,372,283198U0000,124369522000,283198,43304 OLD OX RD ,1751846400000,,COM_DATA_CENTER,GIS VERIICATION,1000,UNDER CONSTRUCTION,161000
38.9950432879014,-77.4460558573588,,Point,373,286498U0000,045465016000,286498,22425 SOUS VIDE LN ,1756425600000,,COM_DATA_CENTER,GIS VERIFICATION,1000,UNDER CONSTRUCTION,245801
38.957405813219,-77.5357725397416,,Point,374,286526U0000,161253540000,286526,42831 GRUMPY TOAD PLZ ,1755734400000,,COM_DATA_CENTER,GIS VERIFICATION,1000,UNDER CONSTRUCTION,429213
39.0034844994651,-77.4486052365029,,Point,375,286566U0000,044461959000,286566,22279 POWER PLAYER LN ,1753747200000,,COM_DATA_CENTER,GIS VERIFICATION,1000,UNDER CONSTRUCTION,326650
38.9206218747638,-77.4838214359202,,Point,376,286594U0000,096183926000,286594,25190 MEADOWDALE DR ,1751241600000,,COM_DATA_CENTER,GIS VERIFICATION,1000,UNDER CONSTRUCTION,259420
38.9835182334988,-77.4175327829669,,Point,377,277180U0000,034385918000,277180,22855 PLATFORM PLZ ,1652054400000,1675209600000,COM_DATA_CENTER,GIS VERIFICATION,2023,BUILT,14160
38.9588566919011,-77.5061940103736,,Point,378,274594U0000,124369522000,274594,43294 OLD OX RD ,1640563200000,1662076800000,COM_DATA_CENTER,GIS VERIFICATION,2022,BUILT,225500
39.0492943705237,-77.539579047167,,Point,379,265669U0000,194498227000,265669,20471 GOOSE LANDING LN ,1609200000000,1642982400000,COM_DATA_CENTER,GIS VERIFICATION,2022,BUILT,45967
38.9491256950103,-77.5235421344512,,Point,380,269401U0000,162392026000,269401,24141 UPPER WOODSIDE LN ,1607644800000,1623024000000,COM_DATA_CENTER,GIS VERIFICATON,2021,BUILT,14267
38.9815590869908,-77.4193832552848,,Point,381,268699U0000,034385918000,268699,22940 PLATFORM PLZ ,1594166400000,1604534400000,COM_DATA_CENTER,GIS VERIFICATON,2020,BUILT,14386
38.9465490580171,-77.5221778246126,,Point,382,246826U0000,162392026000,246826,42770 MAIN MARCONI LN ,1564358400000,1577318400000,COM_DATA_CENTER,GIS VERIFICATION,2019,BUILT,15600
38.9844228036026,-77.4238137277857,,Point,383,135190U0000,034468458000,135190,22810 INTERNATIONAL DR ,918172800000,942710400000,COM_DATA_CENTER,AUTOMATED - NEW PERMIT,1999,BUILT,48240
39.0156537531181,-77.4833098018935,,Point,384,152613U0007,088381462000,152613,21625 RED RUM DR ,1728950400000,1751932800000,COM_DATA_CENTER,GIS VERIFICATION,2025,BUILT,153903
38.9416074461968,-77.5319572432753,,Point,385,,162176713000,285834,24555 HOWLING ROOSTER LN ,1756252800000,-2177452800000,COM_DATA_CENTER,GIS VERIFICATION,1000,UNDER CONSTRUCTION,391128
